order_bestie,BESTIE,0,840,クリエイターズスリーブ(64枚入り),creater_bestie.png
order_virgo,VIRGO,0,840,クリエイターズスリーブ(64枚入り),creater_virgo.png
order_don't_let_me_down,DON'T LET ME DOWN,0,840,クリエイターズスリーブ(64枚入り),creater_don't_let_me_down.png
order_code,CODE,0,840,クリエイターズスリーブ(64枚入り),creater_code.png
order_presence,PRESENCE,0,840,クリエイターズスリーブ(64枚入り),creater_presence.png
order_ember,EMBER,0,840,クリエイターズスリーブ(64枚入り),creater_ember.png
order_devilish,DEVILISH,0,840,クリエイターズスリーブ(64枚入り),creater_devilish.png
order_viorently,VIORENTLY,0,840,クリエイターズスリーブ(64枚入り),creater_viorently.png
order_go_deep,GO DEEP,0,840,クリエイターズスリーブ(64枚入り),creater_go_deep.png
order_baby_baby_baby,BABY BABY BABY,0,840,クリエイターズスリーブ(64枚入り),creater_baby_baby_baby.png
order_no_scrubs,NO SCRUBS,0,840,クリエイターズスリーブ(64枚入り),creater_no_scrubs.png
order_sunny,SUNNY,0,840,クリエイターズスリーブ(64枚入り),creater_sunny.png
order_get_over_it,GET OVER IT.,1,700,第6弾タイトル,get_over_it.png
order_watch_out,WATCH OUT!,1,700,第6弾タイトル,watch_out.png
order_cosmic,COSMIC,1,700,第6弾タイトル,cosmic.png
order_realize,REALIZE,1,700,第6弾タイトル,realize.png
order_adorable,ADORABLE,1,700,第6弾タイトル,adorable.png
order_genius,GENIUS,1,700,第6弾タイトル,genius.png
order_revibe,REVIBE,1,700,第6弾タイトル,revibe.png
order_zebra,ゼブラ,1,700,第6弾タイトル,zebra.png
order_fact,FACT,1,700,第5弾タイトル,fact.png
order_progress,PROGRESS,1,700,第5弾タイトル,progress.png
order_cruel_world,CRUEL WORLD,1,700,第5弾タイトル,cruel_world.png
order_confidence,CONFIDENCE,1,700,第5弾タイトル,confidence.png
order_stayfocused,STAYFOCUSED,1,700,第5弾タイトル,stayfocused.png
order_tactics,TACTICS,1,700,第5弾タイトル,tactics.png
order_savage,SAVAGE,1,700,第5弾タイトル,savage.png
order_orange,オレンジ,1,700,第5弾タイトル,orange.png
order_victory,VICTORY,1,700,第4弾タイトル,victory.png
order_newage,NEWAGE,1,700,第4弾タイトル,newage.png
order_geddess_of_victory,勝利の女神,1,700,第4弾タイトル,geddess_of_victory.png
order_just_be_you,JUST BE YOU,1,700,第4弾タイトル,just_be_you.png
order_run_2_win,RUN 2 WIN,1,700,第4弾タイトル,run_2_win.png
order_hypnotize,HYPNOTIZE,1,700,第4弾タイトル,hypnotize.png
order_good_fortune,GOOD FORTUNE,1,700,第4弾タイトル,good_fortune.png
order_violet,ムラサキ,1,700,第4弾タイトル,violet.png
order_tamashi,タマシイ,1,700,第3弾タイトル,tamashi.png
order_bet,BET,1,700,第3弾タイトル,bet.png
order_bee_and_butterfly,ハチとチョウ,1,700,第3弾タイトル,bee_and_butterfly.png
order_thumbs_up,THUMBS UP,1,700,第3弾タイトル,thumbs_up.png
order_nonfiction,NONFICTION,1,700,第3弾タイトル,nonfiction.png
order_thorny,Thorny,1,700,第3弾タイトル,thorny.png
order_check,CHECK,1,700,第3弾タイトル,check.png
order_turquoise_blue,ターコイズブルー,1,700,第3弾タイトル,turquoise_blue.png
order_news,NEWS,1,700,第2弾タイトル,news.png
order_thx4u,THX4U,1,700,第2弾タイトル,thx4u.png
order_same_is_so_lame,SAME IS SO LAME!,1,700,第2弾タイトル,same_is_so_lame.png
order_lock_on,LOCK ON,1,700,第2弾タイトル,lock_on.png
order_white,シロ,1,700,第2弾タイトル,white.png
order_camouflage,メイサイ,1,700,第2弾タイトル,camouflage.png
order_gray,グレー,1,700,第2弾タイトル,gray.png
order_magenta,マゼンダ,1,700,第2弾タイトル,magenta.png
order_choice_is_yours,CHOICE IS YOURS,1,700,第1弾タイトル,choice_is_yours.png
order_u_mad,U MAD?,1,700,第1弾タイトル,u_mad.png
order_i_feel,I FEEL,1,700,第1弾タイトル,i_feel.png
order_dice_holic,DICE HOLIC,1,700,第1弾タイトル,dice_holic.png
order_glhf,GLHF,1,700,第1弾タイトル,glhf.png
order_preying_on,PREYING ON,1,700,第1弾タイトル,preying_on.png
order_gby,GBY,1,700,第1弾タイトル,gby.png
order_you_ready,YOU READY?,1,700,第1弾タイトル,you_ready.png
order_fine_mat,ファインマット,2,520,オーバースリーブ,fine_mat.png
order_antibacterial,抗菌クリアー,3,490,オーバースリーブ,antibacterial.png
order_clear,クリアー,4,420,オーバースリーブ,clear.png
order_deck_case,ブラック単品,5,1500,デッキポーチ,deck_case.png
order_deck_case_strap,ブラックストラップ付,6,2000,デッキポーチ,deck_case_strap.png
