,batoloco,1st-re,compoff_yamamuro,compoff_nonoichi,compoff_takaika,beems,torecaseven,ymtrngok_gc,tail_of_lizard,natsukashiya,torekazamurai,fammysbookone,torekaline,card_paradise,torecahorizon,youing_kumamoto,youing_hamamachi,bungbung,abisu,88round
order_rakuentokyo,,,,,,,,,,,,,,,,,,,,
order_get_tipsy,,,,,,,,,,,,,,,,,,,,
order_i_like_it,,,,,,,,,,,,,,,,,,,,
order_together_again,,,,,,,,,,,,,,,,,,,,
order_demon,,,,,,,,,,,,,,,,,,,,
order_apoptosis,,,,,,,,,,,,,,,,,,,,
order_judgement,,,,,,,,,,,,,,,,,,,,
order_underground,,,,,,,,,,,,,,,,,,,,
order_reminisce,,,,,,,,,,,,,,,,,,,,
order_you_know_my_steez,,,,,,,,,,,,,,,,,,,,
order_livin_it_up,,,,,,,,,,,,,,,,,,,,
order_always_on_time,,,,,,,,,,,,,,,,,,,,
order_go_deep,,,,,,,,,,,,,,,,,,,,
order_baby_baby_baby,,,,,,,,,,,,,,,,,,,,
order_no_scrubs,,,,,,,,,,,,,,,,,,,,
order_sunny,,,,,,,,,,,,,,,,,,,,
order_presence,,,,,,,,,,,,,,,,,,,,
order_ember,,,,,,,,,,,,,,,,,,,,
order_devilish,,,,,,,,,,,,,,,,,,,,
order_viorently,,,,,,,,,,,,,,,,,,,,
order_bestie,,,,,,,,,,,,,,,,,,,,
order_virgo,,,,,,,,,,,,,,,,,,,,
order_don't_let_me_down,,,,,,,,,,,,,,,,,,,,
order_cord,,,,,,,,,,,,,,,,,,,,
order_numa,,,,,,,,,,,,,,,,,,,,
order_sansen,,,,,,,,,,,,,,,,,,,,
order_tanoshiso,,,,,,,,,,,,,,,,,,,,
order_genba,,,,,,,,,,,,,,,,,,,,
order_progress_special,,,,,,,,,,,,,,,,,,,,
order_stayfocused_special,,,,,,,,,,,,,,,,,,,,
order_savage_special,,,,,,,,,,,,,,,,,,,,
order_yellow,,,,,,,,,,,,,,,,,,,,
order_get_over_it,,,,,,,,,,,,,,,,,,,,
order_watch_out,,,,,,,,,,,,,,,,,,,,
order_cosmic,,,,,,,,,,,,,,,,,,,,
order_realize,,,,,,,,,,,,,,,,,,,,
order_adorable,,,,,,,,,,,,,,,,,,,,
order_genius,,,,,,,,,,,,,,,,,,,,
order_revibe,,,,,,,,,,,,,,,,,,,,
order_zebra,,,,,,,,,,,,,,,,,,,,
order_fact,,,,,,,,,,,,,,,,,,,,
order_progress,,,,,,,,,,,,,,,,,,,,
order_cruel_world,,,,,,,,,,,,,,,,,,,,
order_confidence,,,,,,,,,,,,,,,,,,,,
order_stayfocused,,,,,,,,,,,,,,,,,,,,
order_tactics,,,,,,,,,,,,,,,,,,,,
order_savage,,,,,,,,,,,,,,,,,,,,
order_orange,,,,,,,,,,,,,,,,,,,,
order_victory,,,,,,,,,,,,,,,,,,,,
order_newage,,,,,,,,,,,,,,,,,,,,
order_geddess_of_victory,,,,,,,,,,,,,,,,,,,,
order_just_be_you,,,,,,,,,,,,,,,,,,,,
order_run_2_win,,,,,,,,,,,,,,,,,,,,
order_hypnotize,,,,,,,,,,,,,,,,,,,,
order_good_fortune,,,,,,,,,,,,,,,,,,,,
order_violet,,,,,,,,,,,,,,,,,,,,
order_tamashi,,,,,,,,,,,,,,,,,,,,
order_bet,,,,,,,,,,,,,,,,,,,,
order_bee_and_butterfly,,,,,,,,,,,,,,,,,,,,
order_thumbs_up,,,,,,,,,,,,,,,,,,,,
order_nonfiction,,,,,,,,,,,,,,,,,,,,
order_thorny,,,,,,,,,,,,,,,,,,,,
order_check,,,,,,,,,,,,,,,,,,,,
order_turquoise_blue,,,,,,,,,,,,,,,,,,,,
order_news,,,,,,,,,,,,,,,,,,,,
order_thx4u,,,,,,,,,,,,,,,,,,,,
order_same_is_so_lame,,,,,,,,,,,,,,,,,,,,
order_lock_on,,,,,,,,,,,,,,,,,,,,
order_white,,,,,,,,,,,,,,,,,,,,
order_camouflage,,,,,,,,,,,,,,,,,,,,
order_gray,,,,,,,,,,,,,,,,,,,,
order_magenta,,,,,,,,,,,,,,,,,,,,
order_choice_is_yours,,,,,,,,,,,,,,,,,,,,
order_u_mad,,,,,,,,,,,,,,,,,,,,
order_i_feel,,,,,,,,,,,,,,,,,,,,
order_dice_holic,,,,,,,,,,,,,,,,,,,,
order_glhf,,,,,,,,,,,,,,,,,,,,
order_preying_on,,,,,,,,,,,,,,,,,,,,
order_gby,,,,,,,,,,,,,,,,,,,,
order_you_ready,,,,,,,,,,,,,,,,,,,,
order_fine_mat,,100,100,100,100,100,100,100,100,100,100,100,100,100,100,100,100,100,100,100
order_antibacterial,,100,100,100,100,100,100,100,100,100,100,100,100,100,100,100,100,100,100,100
order_clear,,100,100,100,100,100,100,100,100,100,100,100,100,100,100,100,100,100,100,100
order_deck_case,,200,200,200,200,200,200,200,200,200,200,200,200,200,200,200,200,200,200,200
order_deck_case_strap,,100,100,100,100,100,100,100,100,100,100,100,100,100,100,100,100,100,100,100
